{
   "BookingStatus":"Confirmed",
   "PNR":"VQ3RYQ",
   "BookingContacts":{
      "BookingContact":[
         {
            "OtherPhone":"9999999999",
            "EmailAddress":"XXXX@gmail.com",
            "HomePhone":"00000000000",
            "WorkPhone":null,
            "Name":{
               "MiddleName":null,
               "FirstName":"Rupesh",
               "Title":"MR",
               "LastName":"Kumar"
            }
         }
      ]
   },
   "BookingPassengers":{
      "BookingPassenger":[
         {
            "Infant":false,
            "PaxPriceType":{
               "PaxType":"ADULT"
            },
            "PassengerFees":null
         },
         {
            "Infant":false,
            "PaxPriceType":{
               "PaxType":"ADULT"
            },
            "PassengerFees":null
         },
         {
            "Infant":true,
            "PaxPriceType":{
               "PaxType":"CHILD"
            },
            "PassengerFees":123
         }
      ]
   },
   "JourneyServices":{
      "JourneyService":[
         {
            "Segments":{
               "Segment":[
                  {
                     "DepartureStation":"CHENNAI",
                     "ArrivalStation":"BANGALORE",
                     "FlightDesignator":{
                        "FlightNumber":"XXXX123"
                     },
                     "DepartureTime":"2017-03-07T13:30:00",
                     "ArrivalTime":"2017-03-07T14:40:00"
                  }
               ],
               "Segment":[
                  {
                     "DepartureStation":"BANGALORE",
                     "ArrivalStation":"SINGAPORE",
                     "FlightDesignator":{
                        "FlightNumber":"XXXX345"
                     },
                     "DepartureTime":"2017-03-07T20:30:00",
                     "ArrivalTime":"2017-04-07T05:40:00"
                  }
               ]
            }
         }
      ]
   }
}
